section,category,text,policy_id,policy_type,categories_covered,effective_date,jurisdiction
Acceptable Items,Textile Trash,"- Clean clothing (all conditions)
- Towels, sheets, and linens
- Fabric scraps
- Curtains and cloth napkins
- Handbags and backpacks made of fabric
- Soft toys and stuffed animals",1,Textile Trash Recycling Guidelines,Textile Trash,2023-11-04,Metro City
Non-Acceptable Items,Textile Trash,"- Wet or moldy textiles
- Heavily soiled items
- Carpets and rugs
- Footwear
- Items with significant non-textile parts",1,Textile Trash Recycling Guidelines,Textile Trash,2023-11-04,Metro City
Collection Method,Textile Trash,Place items in dedicated textile recycling bins or donate to local thrift stores.,1,Textile Trash Recycling Guidelines,Textile Trash,2023-11-04,Metro City
Preparation Instructions,Textile Trash,"- Ensure all items are clean and dry
- Remove non-textile components when possible
- Bag similar items together",1,Textile Trash Recycling Guidelines,Textile Trash,2023-11-04,Metro City
Benefits,Textile Trash,Textile recycling conserves resources and reduces landfill waste.,1,Textile Trash Recycling Guidelines,Textile Trash,2023-11-04,Metro City
Acceptable Items,Glass,"- Glass bottles (all colors)
- Glass jars
- Glass food containers
- Glass beverage containers",2,Glass Recycling Guidelines,Glass,2023-01-24,Metro City
Non-Acceptable Items,Glass,"- Window glass or mirrors
- Drinking glasses
- Ceramics or pottery
- Light bulbs
- Pyrex or heat-resistant glass",2,Glass Recycling Guidelines,Glass,2023-01-24,Metro City
Collection Method,Glass,Place in dedicated glass recycling bins. Some areas require color sorting.,2,Glass Recycling Guidelines,Glass,2023-01-24,Metro City
Preparation Instructions,Glass,"- Rinse containers
- Remove caps and lids (recycle separately)
- Labels can remain",2,Glass Recycling Guidelines,Glass,2023-01-24,Metro City
Benefits,Glass,Glass is 100% recyclable and can be recycled endlessly without loss of quality.,2,Glass Recycling Guidelines,Glass,2023-01-24,Metro City
Acceptable Items,Food Organics,"- Fruit and vegetable scraps
- Meat and fish (including bones)
- Dairy products
- Bread and grains
- Coffee grounds and tea bags
- Eggshells
- Leftovers and spoiled food",3,Food Organics Recycling Guidelines,Food Organics,2023-05-08,Metro City
Non-Acceptable Items,Food Organics,"- Packaging of any kind
- Stickers on produce
- Non-compostable bags
- Liquids (drain first)
- Grease or cooking oil",3,Food Organics Recycling Guidelines,Food Organics,2023-05-08,Metro City
Collection Method,Food Organics,Use dedicated food waste bins lined with compostable bags.,3,Food Organics Recycling Guidelines,Food Organics,2023-05-08,Metro City
Preparation Instructions,Food Organics,"- Remove all packaging
- Drain excess liquids
- Use compostable bags if required",3,Food Organics Recycling Guidelines,Food Organics,2023-05-08,Metro City
Benefits,Food Organics,Food waste recycling reduces methane emissions and creates valuable compost.,3,Food Organics Recycling Guidelines,Food Organics,2023-05-08,Metro City
Acceptable Items,Plastic,"- PET bottles and containers (code #1)
- HDPE containers (code #2)
- PP containers (code #5)
- Clean plastic packaging",4,Plastic Recycling Guidelines,Plastic,2023-04-05,Metro City
Non-Acceptable Items,Plastic,"- Plastic bags and film
- Polystyrene foam (code #6)
- Containers with food residue
- Mixed material packaging
- Black plastic containers",4,Plastic Recycling Guidelines,Plastic,2023-04-05,Metro City
Collection Method,Plastic,Place in dedicated recycling bins. Check local guidelines for specific plastic types accepted.,4,Plastic Recycling Guidelines,Plastic,2023-04-05,Metro City
Preparation Instructions,Plastic,"- Rinse containers
- Remove lids and caps (recycle separately)
- Check for recycling codes (1-7)",4,Plastic Recycling Guidelines,Plastic,2023-04-05,Metro City
Benefits,Plastic,Plastic recycling reduces petroleum consumption and greenhouse gas emissions.,4,Plastic Recycling Guidelines,Plastic,2023-04-05,Metro City
Acceptable Items,Vegetation,"- Grass clippings
- Leaves and small branches
- Flowers and plants
- Garden trimmings
- Weeds (non-invasive)
- Tree prunings",5,Vegetation Recycling Guidelines,Vegetation,2023-12-04,Metro City
Non-Acceptable Items,Vegetation,"- Soil or dirt
- Rocks or gravel
- Treated wood
- Plastic bags
- Invasive plants or diseased vegetation",5,Vegetation Recycling Guidelines,Vegetation,2023-12-04,Metro City
Collection Method,Vegetation,Use dedicated yard waste bins or paper yard waste bags.,5,Vegetation Recycling Guidelines,Vegetation,2023-12-04,Metro City
Preparation Instructions,Vegetation,"- Cut branches to appropriate length (usually under 4 feet)
- Remove non-plant materials
- Keep separate from other waste streams",5,Vegetation Recycling Guidelines,Vegetation,2023-12-04,Metro City
Benefits,Vegetation,Recycled vegetation becomes valuable mulch and compost for community use.,5,Vegetation Recycling Guidelines,Vegetation,2023-12-04,Metro City
Acceptable Items,Cardboard,"- Corrugated cardboard boxes
- Paperboard (cereal boxes, etc.)
- Cardboard packaging
- Cardboard tubes
- Clean pizza boxes",6,Cardboard Recycling Guidelines,Cardboard,2023-11-24,Metro City
Non-Acceptable Items,Cardboard,"- Waxed cardboard
- Cardboard with food residue
- Cardboard with plastic linings
- Foam inserts
- Packing peanuts",6,Cardboard Recycling Guidelines,Cardboard,2023-11-24,Metro City
Collection Method,Cardboard,Flatten and place in recycling bins or take to cardboard recycling centers.,6,Cardboard Recycling Guidelines,Cardboard,2023-11-24,Metro City
Preparation Instructions,Cardboard,"- Remove all non-cardboard packaging
- Flatten boxes to save space
- Keep dry and clean",6,Cardboard Recycling Guidelines,Cardboard,2023-11-24,Metro City
Benefits,Cardboard,Recycling cardboard saves trees and reduces landfill volume significantly.,6,Cardboard Recycling Guidelines,Cardboard,2023-11-24,Metro City
Acceptable Items,Metal,"- Aluminum cans
- Steel food cans
- Metal lids and bottle caps
- Clean aluminum foil
- Empty aerosol cans
- Metal containers",7,Metal Recycling Guidelines,Metal,2023-09-03,Metro City
Non-Acceptable Items,Metal,"- Containers with hazardous material
- Pressurized containers
- Electronics with metal parts
- Paint cans with residue
- Scrap metal larger than 2 feet",7,Metal Recycling Guidelines,Metal,2023-09-03,Metro City
Collection Method,Metal,Place in recycling bins or take to metal recycling centers.,7,Metal Recycling Guidelines,Metal,2023-09-03,Metro City
Preparation Instructions,Metal,"- Rinse containers to remove food residue
- Crush cans if possible to save space
- Remove non-metal components",7,Metal Recycling Guidelines,Metal,2023-09-03,Metro City
Benefits,Metal,Metal recycling saves significant energy compared to mining and processing raw materials.,7,Metal Recycling Guidelines,Metal,2023-09-03,Metro City
Acceptable Items,Paper,"- Office paper and mail
- Newspapers and magazines
- Books and catalogs
- Paper bags
- Wrapping paper (non-metallic)
- Shredded paper (in paper bags)",8,Paper Recycling Guidelines,Paper,2023-10-14,Metro City
Non-Acceptable Items,Paper,"- Food-soiled paper
- Waxed paper
- Paper towels and napkins
- Thermal receipt paper
- Paper with plastic coatings",8,Paper Recycling Guidelines,Paper,2023-10-14,Metro City
Collection Method,Paper,Place in paper recycling bins or mixed recycling where accepted.,8,Paper Recycling Guidelines,Paper,2023-10-14,Metro City
Preparation Instructions,Paper,"- Keep paper dry and clean
- Remove plastic wrappings, windows, or bindings
- Shred confidential documents",8,Paper Recycling Guidelines,Paper,2023-10-14,Metro City
Benefits,Paper,"Paper recycling saves trees, reduces water pollution, and saves energy.",8,Paper Recycling Guidelines,Paper,2023-10-14,Metro City
Items That Cannot Be Recycled,Miscellaneous Trash,"- Multi-material items
- Heavily soiled packaging
- Certain plastic types (check local guidelines)
- Broken household items
- Non-recyclable packaging",9,Miscellaneous Trash Recycling Guidelines,Miscellaneous Trash,2023-01-01,Metro City
Special Handling Items,Miscellaneous Trash,"- Batteries (take to dedicated collection points)
- Electronics (e-waste recycling centers)
- Light bulbs (hardware store collection bins)
- Paint and chemicals (hazardous waste facilities)
- Medications (pharmacy take-back programs)",9,Miscellaneous Trash Recycling Guidelines,Miscellaneous Trash,2023-01-01,Metro City
Waste Reduction Tips,Miscellaneous Trash,"- Consider reusable alternatives
- Repair broken items when possible
- Donate usable items
- Choose products with less packaging",9,Miscellaneous Trash Recycling Guidelines,Miscellaneous Trash,2023-01-01,Metro City
Benefits,Miscellaneous Trash,Proper sorting ensures maximum recycling rates and minimizes environmental impact.,9,Miscellaneous Trash Recycling Guidelines,Miscellaneous Trash,2023-01-01,Metro City
GENERAL REQUIREMENTS,,"- Place recyclables in appropriate bins
- Ensure materials are clean and properly sorted
- Follow collection schedules
- Keep hazardous materials separate",10,Municipal Waste Guidelines,"Plastic,Miscellaneous Trash,Vegetation",2023-10-01,Metro City
PLASTIC GUIDELINES,Plastic,"- PET bottles and containers (code #1)
- HDPE containers (code #2)
- PP containers (code #5)
- Clean plastic packaging
- Plastic bags and film",10,Municipal Waste Guidelines,"Plastic,Miscellaneous Trash,Vegetation",2023-10-01,Metro City
MISCELLANEOUS TRASH GUIDELINES,Miscellaneous Trash,"- Multi-material items
- Heavily soiled packaging
- Certain plastic types (check local guidelines)
- Broken household items
- Non-recyclable packaging",10,Municipal Waste Guidelines,"Plastic,Miscellaneous Trash,Vegetation",2023-10-01,Metro City
VEGETATION GUIDELINES,Vegetation,"- Grass clippings
- Leaves and small branches
- Flowers and plants
- Garden trimmings
- Weeds (non-invasive)",10,Municipal Waste Guidelines,"Plastic,Miscellaneous Trash,Vegetation",2023-10-01,Metro City
GENERAL REQUIREMENTS,,"- Place recyclables in appropriate bins
- Ensure materials are clean and properly sorted
- Follow collection schedules
- Keep hazardous materials separate",11,Residential Recycling Rules,"Plastic,Metal,Glass,Miscellaneous Trash,Vegetation",2023-05-26,Metro City
PLASTIC GUIDELINES,Plastic,"- PET bottles and containers (code #1)
- HDPE containers (code #2)
- PP containers (code #5)
- Clean plastic packaging
- Plastic bags and film",11,Residential Recycling Rules,"Plastic,Metal,Glass,Miscellaneous Trash,Vegetation",2023-05-26,Metro City
METAL GUIDELINES,Metal,"- Aluminum cans
- Steel food cans
- Metal lids and bottle caps
- Clean aluminum foil
- Empty aerosol cans",11,Residential Recycling Rules,"Plastic,Metal,Glass,Miscellaneous Trash,Vegetation",2023-05-26,Metro City
GLASS GUIDELINES,Glass,"- Glass bottles (all colors)
- Glass jars
- Glass food containers
- Glass beverage containers
- Window glass or mirrors",11,Residential Recycling Rules,"Plastic,Metal,Glass,Miscellaneous Trash,Vegetation",2023-05-26,Metro City
MISCELLANEOUS TRASH GUIDELINES,Miscellaneous Trash,"- Multi-material items
- Heavily soiled packaging
- Certain plastic types (check local guidelines)
- Broken household items
- Non-recyclable packaging",11,Residential Recycling Rules,"Plastic,Metal,Glass,Miscellaneous Trash,Vegetation",2023-05-26,Metro City
VEGETATION GUIDELINES,Vegetation,"- Grass clippings
- Leaves and small branches
- Flowers and plants
- Garden trimmings
- Weeds (non-invasive)",11,Residential Recycling Rules,"Plastic,Metal,Glass,Miscellaneous Trash,Vegetation",2023-05-26,Metro City
GENERAL REQUIREMENTS,,"- Place recyclables in appropriate bins
- Ensure materials are clean and properly sorted
- Follow collection schedules
- Keep hazardous materials separate",12,Commercial Recycling Standards,"Food Organics,Metal,Miscellaneous Trash",2023-05-05,Metro City
FOOD ORGANICS GUIDELINES,Food Organics,"- Fruit and vegetable scraps
- Meat and fish (including bones)
- Dairy products
- Bread and grains
- Coffee grounds and tea bags",12,Commercial Recycling Standards,"Food Organics,Metal,Miscellaneous Trash",2023-05-05,Metro City
METAL GUIDELINES,Metal,"- Aluminum cans
- Steel food cans
- Metal lids and bottle caps
- Clean aluminum foil
- Empty aerosol cans",12,Commercial Recycling Standards,"Food Organics,Metal,Miscellaneous Trash",2023-05-05,Metro City
MISCELLANEOUS TRASH GUIDELINES,Miscellaneous Trash,"- Multi-material items
- Heavily soiled packaging
- Certain plastic types (check local guidelines)
- Broken household items
- Non-recyclable packaging",12,Commercial Recycling Standards,"Food Organics,Metal,Miscellaneous Trash",2023-05-05,Metro City
GENERAL REQUIREMENTS,,"- Place recyclables in appropriate bins
- Ensure materials are clean and properly sorted
- Follow collection schedules
- Keep hazardous materials separate",13,Multi-Unit Building Guidelines,"Cardboard,Glass,Textile Trash",2023-07-04,Metro City
CARDBOARD GUIDELINES,Cardboard,"- Corrugated cardboard boxes
- Paperboard (cereal boxes, etc.)
- Cardboard packaging
- Cardboard tubes
- Clean pizza boxes",13,Multi-Unit Building Guidelines,"Cardboard,Glass,Textile Trash",2023-07-04,Metro City
GLASS GUIDELINES,Glass,"- Glass bottles (all colors)
- Glass jars
- Glass food containers
- Glass beverage containers
- Window glass or mirrors",13,Multi-Unit Building Guidelines,"Cardboard,Glass,Textile Trash",2023-07-04,Metro City
TEXTILE TRASH GUIDELINES,Textile Trash,"- Clean clothing (all conditions)
- Towels, sheets, and linens
- Fabric scraps
- Curtains and cloth napkins
- Handbags and backpacks made of fabric",13,Multi-Unit Building Guidelines,"Cardboard,Glass,Textile Trash",2023-07-04,Metro City
GENERAL REQUIREMENTS,,"- Place recyclables in appropriate bins
- Ensure materials are clean and properly sorted
- Follow collection schedules
- Keep hazardous materials separate",14,Community Recycling Program,"Cardboard,Vegetation,Metal,Textile Trash",2023-12-15,Metro City
CARDBOARD GUIDELINES,Cardboard,"- Corrugated cardboard boxes
- Paperboard (cereal boxes, etc.)
- Cardboard packaging
- Cardboard tubes
- Clean pizza boxes",14,Community Recycling Program,"Cardboard,Vegetation,Metal,Textile Trash",2023-12-15,Metro City
VEGETATION GUIDELINES,Vegetation,"- Grass clippings
- Leaves and small branches
- Flowers and plants
- Garden trimmings
- Weeds (non-invasive)",14,Community Recycling Program,"Cardboard,Vegetation,Metal,Textile Trash",2023-12-15,Metro City
METAL GUIDELINES,Metal,"- Aluminum cans
- Steel food cans
- Metal lids and bottle caps
- Clean aluminum foil
- Empty aerosol cans",14,Community Recycling Program,"Cardboard,Vegetation,Metal,Textile Trash",2023-12-15,Metro City
TEXTILE TRASH GUIDELINES,Textile Trash,"- Clean clothing (all conditions)
- Towels, sheets, and linens
- Fabric scraps
- Curtains and cloth napkins
- Handbags and backpacks made of fabric",14,Community Recycling Program,"Cardboard,Vegetation,Metal,Textile Trash",2023-12-15,Metro City
